Name,Age,Net_Pay
Keven Norman,25,71494
Kristin Werner,26,39971
Avery Barber,24,77705
Boris Gibson,26,40164
Leif Mack,29,143963
Fredric Peters,32,57351
Sherry Bowman,27,39939
Donte Richard,24,41431
Bobby Horton,24,91930
Kenya Montoya,24,39976
Ola Lara,27,88551
Graham Carey,25,39029
Morgan Owens,26,65566
Angie Norton,29,127263
Jarvis Gamble,27,70953
Otto Sweeney,33,128537
Lea Mccormick,31,91567
Marvin Mcguire,31,114570
Booker Hodge,25,89377
Fanny Reed,24,65607
Long Forbes,27,139639
Megan Mcneil,28,96868
Chadwick Mcclure,34,88691
Eldon Reeves,36,82096
Jackie Fernandez,25,111941
Deandre Francis,32,134709
Brent Cannon,38,174542
Bradley Jarvis,31,105477
Raphael Oconnor,39,212151
Nikki Schroeder,26,99634
Herman Hester,37,140203
Allan Shah,26,75494
Sasha Hammond,25,60912
Richie Branch,29,94324
Lon Howe,28,88199
Susanne Zhang,24,104339
Harland Murray,38,304367
Reid Gonzales,28,90171
Leslie Ponce,32,123341
Jaime Maldonado,23,115742
Damian Molina,29,167585
Carrol Serrano,26,122748
Gilberto Obrien,29,131417
Tristan Padilla,29,114654
Carlos Reilly,29,153781
Chang Small,26,116727
Bruce Stout,29,143840
Eli Gibbs,28,154289
Beau Bryant,32,127772
Trinidad Montoya,30,124701
Carmela Hatfield,26,70800
Carlton Ochoa,31,141995
Willard Morrison,30,108590
Lilly Hoffman,26,105427
Rachael Rosario,27,135148
Victor Ayala,25,103219
Francisco Leon,31,218882
Javier Lowery,35,254322
Wanda Mckenzie,27,105317
Justin Drake,28,120628
Dianne Williams,27,82717
Regina Holloway,28,244000
Liza Raymond,26,307365
Clyde Franklin,29,431731
Brett Mayo,31,99877
Darrin Guzman,28,236250
Ruben Ayers,35,208728
Celeste Stanton,34,177145
Clifton Alvarado,27,203851
Gustavo Casey,27,72303
Vonda Wood,38,235835
Luther Glenn,29,407005
Deshawn Roberts,30,135858
Hong Underwood,33,281601
Alonso Abbott,25,113834
Scottie Avery,32,284242
Juanita Gross,28,143798
Katina Duran,28,184961
Marisol Hood,23,87187
Gracie Shelton,29,107113
Anderson Larson,32,220380
Xavier Petty,27,116600
Dominique Lozano,29,153110
Trevor Castaneda,24,115658
Tracy Diaz,27,100783
Jillian Hampton,26,79735
Howard Pittman,23,57179
Stacie Ellis,24,57216
Lenore Blake,26,145909
Rueben Zuniga,26,56966
Clement Ochoa,36,316062
Byron Brady,26,65440
Chung Morgan,29,106704
Bruno Stuart,35,148306
Dylan Faulkner,25,41881
Cindy Franklin,26,41819
Geoffrey Benton,30,67727
Demarcus Carney,38,167332
Edgardo Sanford,32,78111
Abram Huynh,25,256
Micheal Washington,31,3898
Quentin Holmes,31,306221
Clair Reeves,32,189697
Karyn Miles,32,113844
Cathy Stevens,40,31706
Susie Berger,37,295901
Iris Middleton,30,137220
Isreal Maddox,28,57107
Summer Henderson,32,117373
Joe Moses,34,187141
Teri Shaw,25,699
Mckinley Sullivan,33,154619
Lavern Santos,30,82188
Patrica Walton,35,169930
Milan Barnett,33,166500
Roman Gonzales,32,152745
June Nolan,33,140603
Ashlee Rose,28,72146
Paris Ewing,34,107065
Vicente Garrison,28,72321
Randell Rosales,30,82159
Ronnie Davis,40,210051
Catalina Tran,38,87881
Orlando Salas,35,171098
Rick Morse,35,170166
Keith Lopez,32,95153
Eduardo Brewer,33,84064
Barton Estrada,30,84620
Casey Poole,37,118950
Terrance Colon,33,143350
Anibal Pham,28,77119
Kermit Reilly,31,127909
Billy Galloway,33,140110
Timmy Poole,27,85642
Allan Carr,31,116172
Cristobal Howe,36,120787
Anton Wang,28,114656
Robbie Anthony,39,104439
Bret Rubio,37,138894
Jamie Good,33,157839
Elwood Cantu,33,117636
Fernando Baldwin,35,109514
Hershel Simon,38,213186
Jackie Castaneda,35,170828
Pat Crosby,37,63761
Van Cabrera,40,173744
Gus Stanley,29,106515
Sebastian Oneill,28,140365
Kermit Mata,38,204378
Emmitt Blankenship,39,197248
Lon Peters,41,152980
Bart Huerta,33,143346
Eric Mckee,30,77415
Rory Bautista,33,68501
Jeff Anthony,31,71820
Forrest Petersen,29,121400
Delores Joseph,28,98991
Cristopher Morrison,39,156366
Mara Hanna,28,65741
Jeffry Salazar,30,83173
Calvin Gonzales,31,94609
Brad Klein,40,148043
Grover Greene,39,93110
Cristobal Page,36,118632
Cliff Friedman,31,186976
Abigail Frederick,29,84380
Aurelio Gregory,33,144129
Roberta Lowery,35,183164
Manual Barron,29,62718
Anderson Rollins,33,101232
Eli Glenn,37,135581
Denver Hebert,28,91975
Jeromy Dean,35,175536
Benita Bolton,30,105851
Jewel Meza,32,103909
Erik Ramirez,31,83995
Lorenzo Callahan,28,70042
Von Ritter,35,136281
Taylor Buckley,31,145874
Josue Jimenez,41,135430
Rae Diaz,31,96327
Whitney Pham,38,215202
Sean Arnold,35,94825
Paris Allen,29,115606
Mac Kelley,31,141970
Leon Hayden,36,88144
Richard Atkinson,28,99124
Guillermo Barr,30,130326
Melody Green,32,95894
Jere Roy,31,131095
Hayden Mcknight,31,105859
Malik Bennett,30,98936
Carolyn Zuniga,33,132579
Edwina Romero,30,85318
Jonathan Spencer,35,157576
Jackson Chapman,34,75829
Erma Cervantes,37,137557
Katharine Noble,29,105822
Terra Smith,29,103744
Joesph Valencia,33,262845
Antoinette Mcguire,29,74621
Mari Holder,32,90929
Roberto Mosley,37,202982
Audrey Newton,32,155829
Alan Morris,35,229903
Shon Clay,36,163294
Antonia Mclean,29,118097
Kirby Sherman,29,121722
Joanne Lucas,30,116053
Nathaniel Bush,31,172691
Shawn Watts,34,180528
Nestor Brock,35,107517
Helena Ayers,29,133851
Christine Blake,31,104901
Maritza Blevins,33,122797
Dion Wiggins,31,80014
Major Mason,33,156372
Owen Little,37,104067
Elvis Gaines,31,134803
Douglas Donaldson,33,161742
Brandon Pearson,37,151138
Jarrod Meyers,29,106632
Fredrick Bruce,33,78428
Brenton Frank,32,178944
Winford Gutierrez,29,94043
Rafael Barrera,28,60004
Basil Neal,32,94166
Royce Shelton,29,91902
Kasey Hoffman,35,182272
Darren Callahan,33,188751
Ike Collins,37,170807
Mohammed Hubbard,35,143314
Kerry Donovan,33,95460
Otis Lawrence,34,161424
Kate Kerr,28,113536
Wanda Hernandez,34,139685
Sammie Lang,31,124860
Kristin Garza,29,91470
Corinne Meza,29,81012
Leslie Pineda,33,149463
Elva Hull,32,92783
Nannie Kane,29,122558
Marion Robertson,28,109441
Jude Benson,38,103403
Fritz Rivers,29,107083
Federico Wall,38,341834
Evan Chen,33,176917
Nathanial Mckenzie,32,108626
Danny Cowan,34,167577
Dorian Walters,40,129225
Leopoldo Mata,31,133027
Samuel Black,34,128317
Reinaldo Dyer,37,216242
Ulysses Lin,35,292979
Carl Crawford,39,293268
Jerome Whitney,35,197175
Deshawn Delgado,34,109867
Lupe Nelson,29,104066
Dannie Montoya,36,224995
Jean Ferrell,29,107577
Dean House,28,106287
Alissa Pacheco,30,100692
Eddie Obrien,32,130814
Shannon Salazar,39,118903
Roberta Kemp,34,135226
Denise Hoover,38,154496
Howard Livingston,29,126835
Lilian Soto,31,70407
Rosemarie Melendez,30,86424
Ollie Mccall,33,148871
Penny Mendez,37,99195
Mathew Blackwell,32,76066
Trevor Munoz,32,164677
Angelo Lynch,36,140982
Jane Farmer,36,111708
Rusty Weber,29,113754
Cesar Nixon,36,166968
Gabrielle Fuller,29,119674
Freddy Blankenship,33,116297
Everett Short,30,118958
Jerrell Coleman,31,55000
Nelson Roy,40,203335
Felecia Manning,36,159406
Lucio Melendez,39,210456
Leon Peck,36,274736
Myrtle Gamble,31,125669
Darrel Montes,40,136379
Erin Camacho,35,85750
Deandre Valdez,41,271852
Gordon Powers,42,193074
Dirk Friedman,33,134339
Janice Hickman,32,144277
Maura Barber,36,145313
Del Patterson,28,113937
Caleb Rivera,32,119114
Doug Glass,36,81953
Tyrone Charles,34,151417
Rex Sanders,39,111122
Morris Davenport,30,55160
Rupert Zimmerman,35,204208
Monroe Washington,30,152809
Charles Black,39,108105
Bob Duran,35,143696
Elijah Crosby,31,172062
Alexander Nolan,32,73199
Raymond Knight,35,268364
Socorro Horne,32,71189
Joseph Mckenzie,35,162553
Abigail Price,36,151389
Lonnie Marsh,38,225700
Pete Miller,32,149257
Brock Dorsey,38,116458
Evan Mooney,36,122343
Shaun Watkins,32,161478
Lessie Donovan,44,150163
Stanton Fleming,37,133922
Joshua Warner,36,94501
Jame Cobb,49,251383
Tanisha Flowers,29,143011
Waldo Zamora,31,128631
Jerold Mcmahon,38,178177
Delmar Meyers,42,164628
Willard Durham,42,133188
Harriet Vargas,38,146494
Elton Holmes,42,198291
Moises Cummings,39,123023
Carlene Osborne,35,161224
Jerry Fitzpatrick,28,128202
Ahmad Gross,35,140764
Sterling Huffman,31,102462
Cletus Burns,38,140147
Emmett Roberts,38,123187
Denis Griffin,37,206916
Rita Fitzgerald,38,99377
Pat Munoz,33,242602
Tracy Frederick,40,270306
Daren Copeland,35,190622
Milo Tapia,40,249024
Douglas Yu,38,195450
Claudio Esparza,35,211558
Theodore Donovan,38,150435
Dino Walton,33,158729
Thad Velasquez,38,210133
Jamey Leach,40,95281
Lottie Johnston,29,91333
Tyler Booker,31,113974
Geoffrey Burns,42,154380
Elisabeth Leon,33,205694
Leroy Cook,35,166795
Dalton Pitts,41,113381
Javier Andersen,42,159400
Sherrie Curry,29,94590
Issac Bright,38,242307
Francesco Warren,44,298353
Garth Gamble,29,119844
Eliseo Santana,33,138378
Jermaine Waller,43,240075
Garland Gonzales,47,102285
Judson Li,30,81396
Dewayne Moran,28,76684
Rosetta Lyons,37,210096
Shad Wells,34,159789
Jose Santiago,36,167269
Berry Trevino,30,144268
Dominic Knapp,33,103991
Scottie Calhoun,37,134218
Dave Fritz,36,58204
Stefan Wiggins,46,212804
Steve Cuevas,40,214163
Susanna Vincent,31,107056
Jeramy Rivera,36,132864
Rico Sims,39,254289
Jacinto Stein,39,111580
Katheryn Preston,30,98073
Phil Keith,35,137256
Sybil Townsend,29,94358
Houston Padilla,30,96090
Cheri Miranda,30,68996
Lynne Mccann,29,96723
Delmer Andrews,28,121407
Cherie Morrow,28,86868
Bonnie Odonnell,32,132665
Elise Hubbard,32,99507
Demetrius Flynn,29,94727
Sadie Wise,30,135595
Sammie Sullivan,36,196518
Tisha Mckenzie,33,141854
Elizabeth Horne,35,80753
Elmer Foster,35,189388
Patsy Ferguson,32,110273
Adalberto Hayden,36,119264
Denis Durham,37,90503
Ola Foley,28,140899
Valeria Schultz,32,127774
Lakisha Kennedy,29,131798
Emery Kim,33,142429
Clinton Swanson,42,118242
Guy Woods,31,126012
Tameka Alexander,31,117486
Antone Santos,37,190626
Otha Rhodes,30,130436
Maynard Benjamin,30,85922
Milford Pollard,32,118850
Warren Huang,33,150193
Dwayne Terrell,30,105074
Gerard Dominguez,33,145686
Pete Kaiser,34,97356
Alan Leblanc,39,145809
Carl Waters,43,146858
Lane Armstrong,30,96761
Rob Barajas,41,282086
Clint Mccann,28,79930
Gerry Huber,34,154035
Mariano Howell,32,92624
Chuck Kaufman,30,156658
Joseph Sharp,31,186444
Zackary Mora,34,173575
Abram Mckenzie,37,33439
Alphonso Andrews,30,98569
Lester Becker,36,208388
Kelley Sherman,31,101419
Wesley Blackburn,35,141744
Kenton Freeman,39,178628
Tristan Davila,38,156820
Thelma Underwood,41,198128
Edison Miranda,35,98666
Lou Escobar,35,155197
Edmundo Navarro,46,167351
Kermit Richard,32,167974
Jeanne Waters,27,74577
Alfredo Reese,36,66953
Mario Fernandez,34,158462
Sanford Gaines,34,138681
Andreas Caldwell,30,84228
Rene Melendez,29,122776
Orville Mccoy,36,234620
Darnell Johnston,32,160218
Luke Meyer,39,81582
Rodolfo Guzman,37,142905
Rudolf Short,29,115515
Trinidad Meza,30,148037
Jonathon Moreno,35,149520
Rick Cortez,32,86224
Reed Oliver,41,258376
Olin Glover,31,128599
Bernie Greene,30,130136
Miles Colon,35,115151
Wendell Forbes,32,141678
Casey Mclaughlin,33,116160
Hung Crosby,37,197133
Darcy Estes,30,111907
Jerrold Kennedy,35,181841
Celina Larsen,31,148286
Domingo Pruitt,33,162654
Sammie Serrano,37,233017
Elvin Shepard,31,125631
Corey Hill,32,130332
Bessie Summers,41,90046
Terrell Rush,32,113186
Hugh Frye,35,111731
Sidney Mcclure,32,138137
Alejandro Cantrell,36,660810
Jackson Arnold,30,120422
Jerry Frey,34,137660
Eva Fletcher,35,184812
Dino Curry,30,75367
Eldridge Howard,41,224576
Malik Drake,36,144135
Len Bennett,43,247945
Doyle Lewis,33,143259
Mel Jones,32,138866
Raul Sellers,37,138032
Jean Pham,44,296946
Sherman Barton,37,119699
Blake Choi,41,131235
Peter Grimes,32,198888
Otis Leonard,32,98971
Williams Kaiser,40,246229
Merle Fritz,33,154258
Morton Velasquez,33,104317
Quintin Malone,41,183450
Al Hawkins,47,163801
Dusty Brooks,39,84207
Tanisha Villegas,42,107206
Teri Eaton,32,153442
Alan Clark,38,198345
Rodney Frank,34,117902
Dexter Vaughan,42,187891
Wendell Benson,42,311371
Solomon Glass,32,201795
Dario Lang,29,148547
Sebastian Cobb,34,120870
Travis Sanders,33,96669
Erick Jackson,33,139469
Darla Munoz,30,77333
Wendy Moran,29,86820
Nona Spears,27,78117
Loren Shea,31,131714
Elwood Wheeler,28,116827
Rickey Marquez,39,91469
Arlen Fox,35,100100
Lynette Montoya,34,96214
Sammie Porter,37,185324
Zackary Mcpherson,46,225164
Rupert Wolf,32,124462
Phoebe Vang,41,168868
Sergio Wilcox,34,171504
Imelda Mathis,46,212951
Summer Nielsen,37,72857
Vern Cruz,31,80567
Benito Mckinney,30,147031
Hayden Ballard,34,139042
Hubert Banks,39,255312
Clyde Heath,31,143985
Damian Bolton,34,142875
Claire Hayes,31,12264
Denis Whitney,37,81664
Christopher Mccullough,38,65184
Wade Phelps,35,207185
Gino Orr,43,309398
Carmine Evans,32,174004
Mose Estes,36,176571
Nathaniel Ellis,33,165742
Elinor Salazar,35,252664
Ollie Owen,37,106363
Derrick Navarro,41,227394
Orlando Wallace,40,129296
Valentine Kramer,34,168702
Cameron Durham,36,112098
Kay Peterson,33,108051
Ricky Keith,35,185621
Chris Baird,41,155920
Lydia Byrd,35,126020
Casandra Tapia,49,141377
Louisa Mosley,36,191013
Lawanda Shelton,39,73246
Devin Hernandez,32,80514
Micheal Wall,44,139590
Eugenio Stark,28,104011
Dorthy White,31,150516
Hilario Sharp,35,150514
Elton Morse,37,130538
Danial Daugherty,31,73823
Deshawn Donaldson,36,153793
Mickey Farley,32,152163
Israel Wyatt,30,125345
Junior Simmons,36,110751
Parker Barajas,56,304828
Lou Mills,33,98060
Jim Berry,32,68477
Domenic Cox,32,79630
Xavier Bates,37,128433
Bernie Cisneros,36,88645
Dane Pena,31,94167
Conrad Riddle,34,73712
Rhett Marshall,39,269308
Elvia Ewing,29,79379
Leigh Waller,29,167832
Floyd Escobar,33,100183
Harrison Mckenzie,35,168315
Jordon Hunt,32,128290
Ivory Price,36,174077
Sean Moody,32,151860
Rod Andrews,30,143000
Adalberto Lloyd,35,87972
Bethany Arellano,29,56658
Annmarie Ruiz,35,72111
Richard Allen,35,151029
Emory Whitney,27,89615
Nicky Day,30,69858
Olin Farmer,32,136705
Daron Andersen,39,151168
Odell Blackburn,32,133623
Terry Richard,36,97853
Genaro Moon,37,111695
Karl Oconnor,31,122883
Steven Velasquez,41,178894
Gina Prince,37,104611
Cristopher Hardy,27,85577
Wilber Travis,35,154732
Darren Marsh,30,129384
Alyson Cook,37,112635
Jamaal Valenzuela,29,73662
Leah Haynes,36,82680
Billy Jefferson,37,133635
Lenard Owen,29,72401
Cedric Archer,44,276142
Carlo Robinson,34,90937
Saundra Hester,28,89627
Rogelio Wheeler,32,156389
Dewayne Copeland,37,168573
Russell Hughes,31,60977
Derek Osborne,32,49040
Jaclyn Woodard,29,101429
Willard Cochran,38,122124
Neva Pace,50,141297
Christopher Adams,29,155614
Armand Davis,41,100901
Mathew Hinton,30,67417
Alvaro Franklin,33,148604
Jame Brock,30,110286
Zack Brewer,33,140965
Willie Bell,30,140060
Lynwood Sexton,31,137552
Fredric Mcneil,32,122631
Adrian Villanueva,30,90293
Cecile Ferrell,30,85888
Carlene Gordon,30,77640
Bart Tapia,34,102814
Lazaro Griffin,37,97471
Columbus Irwin,29,165448
Jed Hamilton,33,126196
Thaddeus Walter,36,299538
Donnie Hartman,33,101622
Milan Wilson,35,149514
Gayle Baker,33,150492
Mary Bartlett,36,165588
Antione Osborne,29,89568
Tyrell Cross,41,414768
Harvey Daugherty,34,184772
Adrian Schaefer,30,121192
Andre Moses,36,119764
Del Briggs,44,122038
Gerard Roth,35,127203
Noe Le,37,218884
Alfredo Hodges,43,457836
Darrin Boyle,38,218794
Jackie Oliver,35,120917
Kraig Boone,29,109811
Art Wells,40,179732
Philip Bird,33,125912
Yvonne Rose,36,89227
Arline Navarro,44,302652
Kristine Werner,42,221730
Olga Miranda,29,146848
Barton Lin,34,114206
Britt Stevenson,32,245021
Norberto Berg,34,170263
Royal Shah,36,92883
Lorna Bryant,29,115740
Dong Forbes,36,101357
Alejandro Schneider,34,102286
Myles Mccarty,30,122476
Neil Finley,34,115154
Doug Singleton,30,93325
Otis Good,42,152851
Desmond Huff,29,124554
Blair Bernard,31,183186
Buster Avila,38,179721
Felicia Shannon,28,98881
Lilly Lindsey,34,90637
Ellis Mendez,31,105283
Angela Mckenzie,33,118454
Jeannine Bowers,37,143441
Stacy Meadows,29,78387
Arnoldo Lawrence,34,183559
Zackary Matthews,35,155664
Alton Travis,30,80972
Edwardo Humphrey,38,227630
Abdul Becker,34,83293
Antonia Carey,34,96887
Sid Warner,30,95988
Ned Roth,29,124526
Graig Church,32,116339
Sheena Bowman,30,50148
Cristopher Anthony,29,109307
Sid Baxter,37,325137
Pablo Myers,35,72776
Elisha Wilcox,33,99848
Joshua Duran,30,106512
Kim Serrano,38,109019
Joyce Aguilar,29,85343
Brigitte Gordon,31,95968
Willis Hicks,32,103755
Edwardo Cochran,31,84522
Olivia Mccoy,29,78374
Toni Blake,34,125252
Henrietta Archer,35,76587
Elmo Cooper,29,147711
Kip Christian,34,141607
Noah Wells,29,115006
Stacey Harrington,36,214291
Antwan Zimmerman,29,111450
Normand Donovan,33,89836
Vicki Braun,35,92948
Theron Dunlap,40,273468
Gabriel Knapp,30,107146
Kieth Fleming,40,251491
Alfred Hickman,47,514604
Freddie Nielsen,32,158897
Lori Pena,35,228439
Rey Rollins,37,190363
Concetta Brady,31,63817
Harley Mullins,33,75920
Mavis Jackson,32,121792
Olive Monroe,28,97201
Emmitt Daniels,41,102803
Arron Figueroa,31,115232
Janine Mccarty,41,158293
Savannah Ferrell,31,112747
Liz Byrd,29,123244
Andre Malone,42,233985
Annie Norris,36,78020
Luis Mccarty,40,154136
Scott Perez,31,105034
Jere Nolan,34,149117
Todd Wallace,33,143005
Maureen Holland,33,123831
Guy Oconnell,31,73512
Tomas Griffith,34,154461
Raleigh Marks,34,83165
Leslie Santana,41,217549
Hilton Copeland,35,137082
Adolfo Riley,29,87738
Rupert Small,34,93901
Carroll Mercado,36,124097
Vincenzo Mejia,40,239662
Pedro Bryant,43,197619
Frederic Pugh,32,107207
Hallie Wood,28,119992
Maynard Maddox,42,85465
Kristopher Stafford,34,68327
Rae Glenn,39,198198
Eugenio Acosta,41,220533
Will Berry,40,57108
Elvira Armstrong,46,98677
Kendrick Fuller,37,155083
Meredith Gaines,38,143616
Marion Pratt,33,173105
Roman Drake,31,133080
Frieda Tran,32,94934
Dionne Griffith,39,215775
Marion Hartman,36,209788
Audrey Oneal,31,57318
Lourdes Wolfe,34,94275
Denver Vance,32,103325
Fritz Sawyer,29,60474
Kasey Holt,32,154936
Matt Cain,31,120915
Phyllis Haas,29,157189
Wilbur Bond,31,84540
Markus Powell,36,157395
Zackary Copeland,37,181992
Herman Benson,29,136991
Bo Shepherd,31,147445
Cletus Hines,32,160944
Milton Cline,30,137378
Casey Sherman,33,246925
Ralph Thomas,30,94933
Cyrus Collier,37,199135
April Ali,39,125768
Rod Wiggins,37,142788
Jc Chang,40,190321
Dustin Chen,39,230710
Edison Page,50,197691
Sang Wolfe,29,104787
Delmer Gillespie,35,132665
Carlton Prince,38,141973
Frankie Mays,41,106267
Gilberto Zuniga,38,122118
Rolando Luna,40,251574
Erik Buck,34,215870
Augusta Sutton,33,114303
Walker Randolph,40,227169
Abraham Haas,30,124850
Rufus Koch,39,95663
Simon Roach,31,126694
Stephan Benjamin,44,206905
Mohammad Estes,40,153918
Omer Coleman,32,126972
Carson Maddox,34,145298
Kara Sparks,35,118021
Lee Pugh,43,144491
Doris Bond,31,80032
Lucien Khan,34,195107
Allison Houston,35,177445
Edmundo Vega,34,147152
Phoebe Humphrey,37,254269
Agustin Proctor,39,181240
Kraig Mueller,30,75448
Daren Garrison,38,170719
Leonard Burch,29,142182
Clarence Caldwell,42,184711
Troy Joyce,29,128242
Elden Lee,35,127616
Paris Lozano,42,456189
Sheldon Pacheco,31,145619
Giuseppe Davies,33,160838
Felipe Shepard,39,132914
Leslie Dominguez,38,159536
Franklin Goodman,39,77051
Leandro Herman,32,167029
Filiberto Barrera,32,97072
Normand Weeks,31,86228
Armando Velasquez,37,130200
Royal Hahn,39,144458
Clifford Villegas,37,119351
Robt Walsh,29,114336
Wade Kramer,35,150926
Jefferson Schaefer,31,122783
Tom Sampson,32,141271
Garland Boyle,31,125118
Margarito Barajas,35,158211
Roosevelt Noble,32,133797
Nathanial Andersen,33,75419
Terra Washington,31,89438
Caleb Holloway,31,99820
Hank Osborne,34,165053
Joey Ortiz,28,125232
Jamey Ortega,37,87427
Lucius Terry,28,70412
Jewell Lynch,29,132237
Georgia Herrera,33,71278
Maritza Valenzuela,31,123097
Harry Schneider,34,75441
Zane Braun,29,86634
Tobias Gregory,29,131707
Jerrold Weeks,32,90972
Brittney Mann,31,222823
Sanford Huang,29,146727
Virgilio Wu,33,186896
Kristy Bowen,29,104691
Gilberto Chaney,32,139316
Madeline Dixon,28,80876
Frankie Davidson,36,251266
Nickolas Gardner,38,173773
Carroll Moran,32,128241
Elijah Duncan,30,134375
Chase Harvey,34,184454
Mitzi English,30,101018
Garry Rosales,34,149836
Cornelia Fleming,36,169595
Hope Webb,42,319649
Andreas Padilla,35,172350
Dianne Olson,29,132264
Kim Stafford,30,78808
Sonny Owen,34,101134
Emmett Stuart,32,137085
Edwina Solis,29,75363
Dionne Mclaughlin,32,113079
Diann Fox,33,242874
Lesley Carroll,41,156031
Jamison Norris,33,127579
Thaddeus Barrett,37,163292
Patricia Harding,43,272565
Eloise Mccoy,37,91188
Georgia Mccarty,28,79328
Haywood Cohen,35,109732
Odis Lee,34,177961
Nita Franklin,28,160417
Micah Wise,32,151579
Russel Boyd,34,160671
Jesse Hooper,35,170588
Letitia Dougherty,36,205971
Jimmie Robertson,30,82760
Marquita Becker,34,153489
Myron Hammond,31,147261
Major Espinoza,31,110769
Tristan Farmer,30,140531
Rosario Pitts,31,117736
Selma Mcgee,29,92026
Malcolm Hickman,33,159019
Jordon Porter,42,153815
Garth Lewis,33,121969
Valarie Best,32,121919
Mario Wood,42,122109
Therese Washington,40,136165
Gerard Fischer,42,165726
Merle Peterson,39,205084
Katelyn Hubbard,28,126725
Winford Carney,29,94460
Jere Lane,31,95817
Graciela Randolph,30,95604
Alec Ingram,34,73512
Colin Calhoun,38,239556
Cleveland Brennan,34,204586
Wes Copeland,43,227415
Chet Padilla,34,168818
Trinidad Stanley,30,146573
Rex Humphrey,34,180541
Kurtis Faulkner,40,214440
Quentin Stevenson,42,271033
Rosetta Fuller,31,88748
Kurt Cortez,36,134417
Paris Pollard,30,186722
Dallas Webb,28,109312
Cassie Aguirre,40,155050
Eric Cantu,38,20054
Chas Petersen,33,98824
Stephen Espinoza,39,136859
Man Mullen,34,136572
Charley Simmons,46,146131
Maggie Malone,45,226020
Celeste Moran,37,160338
Cliff Holland,31,139824
Alfreda Gill,29,103512
Hipolito Tyler,40,121763
Ruthie Roach,34,88312
Young Knapp,50,97115
Merle Nolan,32,168019
Josiah Guerra,34,188536
Ashley Morales,35,70461
Isaiah Wyatt,37,223347
Ferdinand Hernandez,30,101488
Johnie Mcdowell,53,366424
Leann Bartlett,39,169118
Minerva Mcclain,32,139842
Latisha Camacho,29,90899
Eusebio Reyes,37,130912
Cyril Hoffman,32,150216
Laura Singleton,35,202313
Lee Park,33,108877
Simone Parks,28,100237
Bert Fleming,48,374354
Geneva Buckley,36,124879
Matilda Raymond,28,117098
Ulysses Barajas,41,112282
Dorian Villegas,40,169720
Desmond Hendrix,29,86175
Forrest Walton,30,95935
Adrienne Vasquez,39,154610
Erick Oconnor,38,339209
Antoine Cordova,35,121640
Jacob Fields,35,111797
Modesto Murray,34,94093
Donte Wade,38,234883
Hans Brooks,37,166345
Jim Rich,42,115087
Erich Anthony,36,156717
Tracy Curry,35,153403
Darren Randolph,33,190373
Estelle Clark,30,80778
Leticia Howe,31,97552
Petra Silva,34,137190
Wilson Juarez,29,50604
Nicky Pennington,40,237209
Beth Lyons,29,65039
Dane Ruiz,42,172302
Reba Evans,28,141446
Houston Montes,47,261185
Beatriz Kirby,34,71525
Carter Waller,42,237408
Evangeline Hayes,36,52213
Ollie Herrera,32,118089
Carissa Cummings,33,98775
Jordon Cardenas,30,94665
Paulette Irwin,29,182178
Miquel Marshall,36,87133
Gilda Frazier,38,104423
Emmett Ho,29,101298
Martha Edwards,29,108135
Foster Durham,36,203592
Tiffany Booker,51,115723
Forrest Francis,38,199928
George Weeks,36,138055
Nathanael Ross,33,130522
Ty Conway,37,89850
Jacinto Arellano,31,154329
Marshall Odonnell,36,144251
Annmarie Garcia,41,144455
Genevieve Cooper,34,141528
Dale Doyle,30,108952
Horace Wilkinson,28,71759
Hosea Acosta,36,148007
Tristan Briggs,33,133002
Dana Robbins,32,98181
Burt Vincent,40,203764
Pierre Andersen,45,183254
Lesley Ellison,34,199729
Erasmo Bird,38,111165
Coleman Davies,38,88135
Aldo Daniel,29,91954
Jamar Cummings,45,307305
Elias Dorsey,31,91971
Felipe Novak,39,170723
Burton Glover,33,146332
Blake Hall,29,150910
Keith Deleon,30,86978
Virgil Herrera,32,151954
Cleveland Cisneros,32,113132
Ed Whitaker,38,202519
Waldo Booker,39,141653
Millard Werner,33,86776
Roberto Sparks,39,163371
Micah Dunlap,36,279445
Kelvin Gamble,31,124993
Armando Nash,30,104992
Eric Harrell,32,135199
Jude Jones,35,132824
Elroy Wu,42,265185
Terry Chung,32,62511
Abel Moreno,31,149489
Stewart Ballard,27,150993
Jere Middleton,30,128164
Dion Velez,33,124339
Arnoldo Mack,35,191786
Geraldo Proctor,36,145436
Emile Palmer,31,174269
Damien Roberts,28,155771
Edward Bradley,30,77518
Lolita Compton,29,113127
Annie Maynard,36,166083
Kristin Cooley,42,129805
Adalberto Zavala,32,230594
Isreal Barton,32,146150
Pat Malone,39,158444
Asa Evans,37,103348
Basil Edwards,41,93766
Frances Oneal,33,153247
Toby Newman,40,136058
Adolph Fitzpatrick,32,106288
Quinn Marquez,41,102344
Damian Brooks,38,218305
Kristofer Lambert,29,75857
Jaime Munoz,32,102834
Maurice Bradley,37,155171
Truman Moore,38,222368
Dale Sullivan,29,104653
Rafael Weiss,36,136841
Lemuel Noble,34,92552
Jessie Chambers,40,118203
Vincenzo Santos,35,125293
Caroline Allison,30,101126
Marion Mora,30,109041
Nora Malone,27,85109
Brian Nguyen,30,72214
Alfredo Alexander,29,129004
Norris Garrett,33,102329
Eldridge Mclaughlin,31,96240
Lynnette Morgan,27,148671
Sallie Gomez,30,80282
Dexter Rasmussen,29,90655
Elise Golden,38,185036
Rosalyn Meyers,28,115453
Leon Kramer,28,76721
Lyman Sparks,26,98165
Mauro Mcgee,35,157656
Chauncey Hughes,27,99400
Ervin Roach,31,117430
Judith Cherry,26,120663
Vaughn Horton,28,86842
Claud Jacobs,27,96593
Vivian Ross,26,139341
Rachelle Flowers,28,91846
Garrett Doyle,27,91743
Rick Costa,27,123676
Lazaro Vazquez,28,74719
Nathanial Sosa,35,108663
Granville Armstrong,29,109277
Robyn Marks,27,71037
Jerald Best,37,129551
Mauricio Donovan,28,103637
Patricia Perez,29,120438
Hollie Mcneil,29,83982
Minh Blackwell,31,129486
Russ Green,32,130415
Leola Page,28,107013
Bret Li,27,99486
Damion Brown,30,105382
Christi Bishop,30,48781
Willis Church,28,74541
Ben Lopez,29,72820
Coy Mack,33,96159
Aldo Barajas,29,92844
Gloria Bennett,29,97729
Wm Castaneda,29,117991
Maxwell Wilcox,36,91361
Keneth Quinn,30,71298
Broderick Bailey,31,70743
Douglass Orozco,29,70138
Tyrell Jacobson,28,100240
Timmy Figueroa,38,207203
Brett Rose,29,110728
Arden Farley,29,139364
John Dunn,28,140056
Del Parks,31,145105
Reid Gordon,30,162943
Seymour Hull,29,186208
Jack Mcgee,32,191502
Lindsay Anthony,26,84520
Claude Moore,33,118536
Helga Burch,30,85584
Diann Savage,29,113651
Forest Pruitt,27,135074
Kieth Burch,27,115949
Arline Bryan,30,175009
Jules Humphrey,29,122333
Emmitt Yu,29,99332
Hung Bryant,28,107224
Chris Bell,28,120402
Domingo Swanson,30,62631
Esther Patton,29,74423
Dana Gregory,33,150835
Stacey Robertson,27,146866
Kim Schneider,31,54393
Claudia Curtis,27,74356
Jaime Tate,26,116583
Jim Thompson,27,63166
Dane Gaines,32,108713
Martin White,29,167460
Freddy Stuart,28,60716
Theodore Burke,30,69042
Elinor Price,28,70535
Weldon Hurley,36,153452
Royce Strickland,32,146453
Jay Palmer,26,110670
Yvette Buchanan,28,100092
Callie Melendez,32,104517
Dina Zavala,29,69603
Jesse Shaffer,30,93549
Dirk Reed,33,88401
Hyman Morales,29,107020
Zachery Friedman,26,103017
Ladonna Berry,29,51500
Jenifer Montgomery,26,79188
Robby Blevins,27,100191
Oliver Vaughn,32,69887
Marina Potter,28,106244
Robt Walters,31,70419
Jarrod Cooley,28,52381
Marietta Odom,30,77255
Beatrice Patterson,33,95562
Thad Bass,27,97288
Keenan Cherry,26,62624
Alden Tucker,33,174820
Francesca Cochran,29,100765
Rosa Hubbard,29,144402
Natalie Macias,27,80725
Fred Dougherty,32,118096
Wes David,43,173659
Mohamed Rocha,27,75450
Michelle Daugherty,27,100542
Barney Hopkins,34,155161
Benito Owen,31,78878
Maria Proctor,28,92547
Corina Copeland,32,124895
Elva Andrade,26,74885
Raymond Henderson,29,122166
Drew Rush,28,94296
Roosevelt Nguyen,28,116894
Marcus Shields,27,82998
Isreal Herrera,30,109628
Kate Kane,27,93611
Lane Kennedy,29,85793
Francesco Orr,29,75978
Raquel Velasquez,38,157102
Winston Melton,27,101000
Norman Martinez,30,93076
Elwood Mercado,28,63511
Tracie Mora,31,91262
Marlon Russell,27,140492
Noah Orozco,26,91489
Miles Huffman,30,92467
Harriett Turner,27,72001
Young Cervantes,26,108075
Reginald Page,27,91523
Ted Blair,30,70687
Ezra Stewart,31,111970
Luis Hester,30,70567
Patty Prince,27,81596
Lourdes Valenzuela,26,73607
Tyrell Oneill,32,93163
Emmanuel Morgan,28,150024
Hal Henderson,27,107214
Aaron Reyes,26,108779
Roderick Arias,26,116311
Latisha Cook,30,72627
Shelly Carrillo,27,91397
Sal Briggs,42,148300
Spencer Archer,28,93547
Elmo Hutchinson,34,219719
Armand Avery,40,142009
Gordon Zamora,33,142813
Jeromy Calderon,32,93208
Chong Shelton,31,144561
Hector Curtis,31,143546
Deena Hughes,30,112724
Donnie Blevins,26,105562
Darnell Oconnell,29,108062
Cecil Tran,27,103495
Frances Christensen,27,125696
Heidi Finley,26,106458
Bret Jennings,36,76767
Fritz Andrade,30,79386
Jean Hammond,28,57697
Shirley Morales,27,127918
Herman Garza,30,118216
Robin Carey,27,134066
Cameron Brennan,34,230169
Rowena Oneal,27,107608
Freddie Whitaker,28,147430
Cecelia Lynn,27,111452
Man Woods,31,134108
Nellie Shah,26,82709
Arden Gaines,29,92080
Brice Downs,26,108375
Roland Castillo,29,96064
Howard Dorsey,31,86702
Elisa Benson,30,101524
Bridget Sexton,26,106020
Herb Greene,25,73046
Doris Ryan,29,126911
Roman Logan,26,83385
Gretchen Harrell,33,90121
Lincoln Rosales,29,93662
Tamika Clements,27,98298
Nathanael Campos,35,85800
Teodoro Foster,30,148974
Cedric Mckinney,32,92577
Christopher Huff,27,89161
Cristopher Church,30,98465
Perry Collier,31,116926
Scott Brewer,28,118082
Tonia Harrison,32,174604
Chris Oconnor,32,117175
Carol Perez,28,98958
Florine Porter,28,102242
Sherwood Preston,35,143997
Lester Patton,37,141233
Angeline Freeman,28,140228
Pablo Bowers,26,72189
Ellsworth Barajas,29,109774
Jeannine Carr,30,69026
Galen Alvarado,28,101952
Booker Hensley,30,130019
Rex Rodgers,28,110644
John Villarreal,30,87887
Jae Montoya,37,147766
Edward Ray,37,110433
Cortez Blackburn,27,88431
Elmer Marshall,31,138075
Elaine Moyer,28,84276
Robby Armstrong,31,137463
Ashlee Cochran,27,109277
Candy Goodwin,26,77842
Felton Hunt,55,260469
Jesus Vance,30,82367
Heath Jefferson,29,81860
Jody Knight,27,115960
Krystal Mckee,26,96746
Mallory Stein,30,100779
Arnoldo Simon,38,96176
Alfonso Oneal,34,83741
Sadie Lin,30,80953
Isaac Bautista,27,116079
George Hobbs,26,85701
Ophelia Osborne,30,129642
Otto Wiggins,32,109312
Oren Frank,29,74745
Delmer Rollins,30,85621
Elmo Harrison,47,48700
Desiree Contreras,27,108661
Mac Gutierrez,30,115043
Marvin Lambert,27,150262
Rodolfo Holder,32,125683
Denver Stephenson,30,94470
Garth Ali,30,72668
Jolene Blackwell,26,81589
Judson Mckay,30,79797
Elliot Bowen,26,98700
Houston Olsen,28,115875
Efrain Bruce,28,106809
Dorsey Blankenship,29,78971
Odis Meadows,27,81586
Earnestine Mckay,27,100398
Rosella Byrd,27,67203
Elijah Austin,26,102362
Gavin Andrade,30,137455
Natasha Ford,27,82355
Rashad Walton,26,61527
Son Mendoza,30,79319
Huey Hart,27,122002
Darla West,26,78245
Sylvia Moss,32,61112
Tracey Holden,28,70343
Graig Dodson,28,85714
Dewitt Spence,31,107115
Lesley Dominguez,34,108090
Ezra Pugh,28,68514
Eusebio Mcguire,31,102217
Leon Weeks,34,173112
Isiah Mckenzie,30,79618
Genaro Wells,27,85603
Milton Payne,33,166456
Owen Johnston,28,103423
Priscilla Griffith,32,68930
Eliseo Miles,31,122371
Arthur Conner,27,77701
Ahmed Bates,28,84390
Sid Thomas,31,198861
Carl Finley,27,73202
Corina Castro,34,92482
Enrique Manning,30,118903
Simon Griffith,36,180068
Valentin West,26,74587
Mandy Becker,26,101009
Garry Mullins,28,97051
Leopoldo Jordan,29,55417
Bill Murillo,26,90268
Earnest Park,29,157073
Kirsten Valencia,31,80703
Renato Jarvis,27,122594
Mike Hardy,27,88013
Amy Mcconnell,43,108545
Erich Gaines,31,59434
Derick Garcia,30,132492
Seth Morton,26,77920
Alison Orozco,26,105785
Duncan Dominguez,28,74184
Archie Carey,27,64185
Annmarie Ortega,27,61431
Leslie Ritter,30,111990
Roman Roth,26,98447
Kelly Estes,26,72443
Reynaldo Solomon,34,154735
Jed Gates,26,67877
Tracey Stevenson,32,257657
Kristy Mccall,26,74000
Rosalind Henry,25,88442
Pauline Clarke,27,97540
Agnes Holloway,25,77307
Fausto Crawford,26,80786
Melba Roberts,26,81242
Toney Galvan,27,90175
Marguerite Pitts,26,70283
Steve Swanson,28,136146
Lindsey Mcgee,29,69688
Clarissa Macdonald,26,63741
Tobias Christian,28,121039
Julianne Dennis,25,53128
Timmy Mcdonald,28,75713
Johnson Torres,25,76237
Emilia Dennis,25,75568
Jerold Foley,28,90906
Everett Wade,27,96914
Cecile Morgan,27,92272
Therese Melendez,25,99399
Ginger Rogers,25,98754
Marissa Foley,25,88079
Bridgette Todd,25,88438
Elton Ho,31,98129
Fannie Coleman,28,111829
Scot Lee,28,105063
Deon Santana,26,81888
Erick Hanson,26,88602
Tim Lambert,25,85770
Toby Hanna,37,130127
Lon Price,32,53032
Natasha Faulkner,29,68986
Cameron Cross,25,85705
Augustus Gardner,34,106675
Mable Coffey,25,78035
Ricardo Zimmerman,28,83647
Glen Sutton,25,96638
Mel Hughes,28,96209
Monica Moreno,27,131494
Leonel Roman,25,123276
Nannie Wu,29,70014
Selena Shaw,28,78888
Leif Pitts,29,76493
Devon Haley,35,91847
Jame Haas,31,59002
Wilburn Salinas,30,126298
Forest Clements,26,126193
Arnulfo Snow,31,87803
Christi Mccoy,29,77715
Rosalind Browning,27,83870
Colton Hensley,31,129458
Eli Pittman,28,99193
Barbra Sosa,26,89404
Lionel Campos,26,101663
Wyatt Chaney,26,82474
Kayla Rowland,26,81960
Juan Ballard,26,98506
Michal Wilcox,26,90127
Calvin Jacobs,29,105150
Delbert Krause,27,53822
Tuan Pennington,26,68593
Mckinley Lambert,33,216340
Mose Duran,32,186929
Jordan Hopkins,41,212855
Antonio Flynn,30,142761
Raul Roberson,37,160372
Terrie Curry,31,117830
Gabriel Foley,33,85998
Damon Villanueva,37,97432
Jamison Lam,33,98151
Marisol Greer,33,105074
Darron Moore,26,108763
Erich Carroll,31,210658
Evangeline Mata,27,73438
Karl Cherry,30,113871
Eduardo Dixon,34,111772
Anibal Velazquez,30,116605
Bo Vance,29,94465
Wendell Valencia,29,122659
Hans King,44,305193
Aaron Hanna,28,70903
Landon Gregory,28,92210
Jerry Duncan,26,135401
Aileen Gardner,34,56141
Rolf Robbins,31,117095
Jesus Blankenship,32,123406
Justine Whitney,31,78442
Jorge Odom,28,135377
Alonzo Morse,35,135594
Ellen Carey,30,97535
Sybil Cordova,28,77600
Jessie Montes,37,122076
Marcellus Trujillo,46,139906
Norbert Schneider,42,297643
Refugio Thompson,28,84900
Raymon Mcintyre,31,130833
Quincy Santos,32,149027
Judson Mann,30,90502
Coy Shepherd,28,132771
Robert Reynolds,30,77925
Cliff Barrett,36,129736
Ervin Maddox,27,86536
Jenna Doyle,36,127485
Alexander Galvan,32,111248
Sonia Moran,28,106337
Jimmie Lozano,30,252120
Otis Farley,36,135403
Susan Burke,28,133198
Jack Walsh,30,110263
Herbert Randall,35,196955
Hunter Downs,28,106601
Bruce Bradshaw,28,99832
Frank Osborn,30,113980
Forrest Salazar,32,126679
Roseann Nguyen,29,162244
Alfonzo Kennedy,33,138768
Mohammad Glass,32,97202
Elvin Owens,33,127739
Rickie Logan,31,114416
Buford Guerra,29,127030
Danilo Burton,27,88950
Glenna Moyer,30,108654
Harrison Mcintyre,29,125892
Nelson Townsend,31,112244
Malcolm Petty,36,144192
Clement Cunningham,31,118308
Dana Hartman,29,121443
Phil Hopkins,30,120689
Hipolito Dickerson,34,83352
Joyce Camacho,40,212362
Josue Ramos,30,121450
Jefferson Romero,30,169651
Refugio Campbell,26,70410
Tonya Woodard,32,113420
Joesph Mcguire,31,164265
Paris Mahoney,30,131468
Benjamin Hess,30,136705
Sophia Cabrera,25,65079
Francisco Raymond,36,178059
Stuart Vang,30,69908
Anibal Douglas,32,145906
Waylon Hester,26,71557
Davis Herrera,29,101764
Joseph Brooks,32,144319
Kyle Castillo,33,105598
Zachariah Montoya,32,109937
Bettie Barber,29,116186
Sherwood Clarke,30,80219
Cedrick Sampson,30,156428
Dorsey Shepherd,29,100678
Nikki Trevino,30,112539
Odell Lawson,26,110366
Cyrus Figueroa,37,191794
Tina Suarez,26,67504
Gerald Carrillo,38,171345
Octavio Bentley,32,83107
Edgardo Landry,35,127873
Coy Gates,27,69288
Frankie Stafford,32,176675
Norberto Mercer,36,204436
Gabriel Morgan,29,100307
Trina Ho,26,91115
Rose Serrano,29,79965
Manual Fleming,27,82434
Katharine Ellison,31,89572
Darwin Armstrong,33,192551
Troy Bass,28,76532
Cecil Alexander,34,184211
Christina Hahn,32,60143
Nestor Parsons,50,466509
Ian Bolton,39,247288
Ira Lester,32,138748
Clara Carrillo,28,138662
Tessa Stone,29,88108
Willa Combs,26,83428
Augusta Zimmerman,29,127561
Celia Lambert,26,68251
Donnell Summers,38,70499
Dominic Ferrell,28,105057
Drew Cooley,30,205241
Emile Key,28,138391
Scot Chandler,32,119255
Mark Mckay,37,201134
Janis Kelley,25,93265
Leonard Coffey,26,109871
Stacey Munoz,33,124247
Maryanne Haney,32,106700
Mike Potter,29,131117
Rudolph Daniel,32,156140
Margarito Navarro,25,78703
Jacques Sparks,31,113944
Frieda Delgado,25,82684
Rolf Wilson,33,89617
Gerardo Rodriguez,24,87195
Shirley Acevedo,26,113287
Colette Mahoney,26,84966
Verna Richmond,25,53246
Abe George,25,87371
Cortez Pennington,27,91043
Elvin Black,24,77272
Jared Hoffman,25,104482
Vanessa Andersen,25,65656
Elwood Glass,25,104606
Cora Terrell,24,113175
Fernando Leonard,31,135797
Jeffrey Dickerson,33,195606
Tanner Holder,25,77555
Jim Greer,31,97476
Gavin Chen,26,96581
Cedrick Booth,31,110641
Lea Norris,27,83305
Marci Villegas,27,59946
Efrain Terrell,32,140034
Rob Bauer,28,93057
Roosevelt Neal,25,81920
Mauro Whitney,35,232694
Dana Ferrell,32,164672
Shelton Blackburn,28,68333
Thelma Beard,36,72988
Cristobal Parks,33,95008
Erich Santos,26,111272
Monty Dixon,27,70912
Antione Vaughan,25,66594
Tamera Boyd,29,113818
Gabrielle Moore,25,80120
Eddie Morrow,27,102323
Ernest Mahoney,31,96393
Aurelia Phillips,29,82246
Belinda Moran,25,83360
Mel Miles,25,88261
Aline Kirk,26,83849
Aida Rocha,25,80330
Osvaldo Welch,29,84716
Rosanna Glenn,26,58870
Lauren Ponce,26,70299
Casandra Cochran,28,71462
Colby Alexander,36,110360
Michale Vincent,33,117543
Clay Mccarthy,30,93811
Paul Doyle,36,119339
Merrill Simpson,31,172413
Stefan Banks,39,135145
Jane Turner,25,66826
Aurelio Powell,30,90429
Tania Yoder,27,107703
Long Krause,26,65134
Nathanael Sampson,27,97972
Freda Chapman,25,61568
Leticia Kim,30,79056
Margret Brewer,26,68578
Jospeh Arellano,35,104657
Kenton Richards,27,90035
Denver Aguirre,27,126329
Zachariah Blanchard,32,186596
Ismael Jacobs,28,67324
Misty Warner,25,93041
Stewart Schroeder,30,81918
Reed Mathews,39,134895
Lessie Irwin,29,97405
Stan Nash,26,97554
Stanley Newton,25,84416
Cora Davila,26,66720
Edmund Rich,28,104759
Cathleen Rosales,32,93538
Hal Burton,31,104367
Hilda English,26,76129
Fern Middleton,34,84901
Juliet Soto,31,85111
Bruce Ruiz,34,137084
Roosevelt Bennett,27,65128
Emory Houston,26,82089
Horace Russell,26,76008
Darell Church,29,104250
Olen Yoder,25,108539
Victoria Werner,27,83758
Jeromy Pacheco,29,92684
Essie Reese,25,77481
Marlon Orozco,40,174917
Elroy Ware,25,88868
Roscoe Moore,26,74490
Keenan Estes,25,78200
Warren Camacho,25,70863
Joan Owen,27,79425
Jarred Mata,36,128485
Elton Odom,26,91024
Filiberto Becker,26,78703
Kristina Montoya,27,47029
Sherrie Leonard,24,63951
Jill Oneill,25,68719
Elsa Salinas,25,70847
Adan Baxter,26,97566
Mauricio Cervantes,24,76036
Melody Munoz,25,63311
Albert Velazquez,24,57902
Harry Cook,25,75722
Kerry Hunter,25,85071
Johnathon Day,25,63517
Wilson Ingram,24,89514
Kristy Orozco,25,93351
Allan Wilkins,25,63562
Lucia Spencer,26,57793
Leon Pugh,24,73933
Bessie Brennan,24,70991
Faith Krause,25,85731
Clare Bradley,25,83381
Marion Oconnor,26,94393
Angel Powell,26,80178
Josh Pace,25,82360
Nickolas Gill,29,109260
Kelsey Parsons,24,68305
Freddie Friedman,24,63733
Otto Hogan,30,153119
Ulysses Haas,24,74714
Laurie Morales,24,52500
Cody Dorsey,27,93247
Man Sheppard,24,87863
Glen Silva,27,91099
Shon Lambert,27,66103
Damon Marsh,30,153689
Lindsay Trevino,26,59055
Danielle Estrada,27,59926
Benjamin James,29,58372
Tyler Collins,44,202960
Pauline Herman,28,97704
Art Serrano,27,58433
Rhea Bennett,27,72026
Jessie Dean,28,63186
Brooke Joyce,24,87469
Betty Tanner,25,47548
Karla Hopkins,27,63788
Fredric Oneal,30,102627
Etta Maldonado,27,58263
Owen Barajas,30,136478
Abe Esparza,28,53573
Lucius Underwood,29,74051
Coy Charles,44,234720
Osvaldo Tyler,27,103984
Marlin Kramer,25,65229
Martha Smith,26,57097
Ivory Mitchell,26,77730
Dion Holmes,27,67430
Edward Newman,25,63204
Danial Mooney,25,67231
Noelle Blair,28,75769
Holly Perry,24,90114
Isabel Daugherty,28,95093
Lionel Noble,25,89658
Edwardo Benjamin,25,78741
Kathrine Frost,25,68561
Rosemary Turner,24,74162
Lilian Garrison,41,97155
Leta Burnett,25,74134
Damon Harper,27,104867
Ellis Cook,25,71686
Sean Snyder,26,97820
Keneth Frost,23,88191
Avery Chan,22,65104
Josue Buchanan,26,55655
Olen Ortiz,27,93809
Vickie Sweeney,25,50467
Armand Meadows,29,62457
Myra Hill,37,187313
Leigh Chang,25,79985
Blanche Villanueva,31,147528
Dorian Crane,26,50868
Maureen Beard,24,80427
Denise Simmons,24,55349
Jefferey Aguirre,24,58011
Kristofer Allen,23,81308
Reuben Lane,23,49351
Houston Krause,24,43546
Luis Baxter,24,60636
Brant Salinas,23,54852
Oswaldo Landry,24,52449
Lacy Lara,23,64743
Claudio Rowland,25,58384
Kelley Dorsey,24,55536
Deana Lucero,23,55649
Russel Weeks,24,69269
Sasha Pitts,23,71514
Colette Fowler,23,73330
Stan Pratt,25,83398
Buford Mcguire,23,51874
Mara Chaney,23,79134
Elise Buchanan,23,64486
Zachery Zavala,24,61425
Augusta Crane,23,67088
Jesus Delgado,24,66840
Trenton Petty,23,71403
Harlan Atkinson,24,62846
Tanner Bailey,23,67456
Gerald Gross,24,58616
Wilmer Salas,24,72951
Zack Moses,23,68500
Deangelo Chen,24,73236
Dillon Woodard,24,56356
Raymond Shah,23,65728
Carter Irwin,25,30791
Deann Cabrera,24,63631
Tyrell Hall,32,113361
Elijah Grimes,25,89843
Kimberley Padilla,23,88221
Ophelia Humphrey,24,84763
Ofelia Foley,25,91486
Patty Neal,24,34721
Stella Henry,28,45679
Serena Dawson,25,94696
Neville Wright,24,82027
Katherine Ellison,23,43545
Sherman Pugh,30,136475
Milton Adkins,26,87083
Madeline Navarro,23,41442
Anthony Simon,26,88838
Shelby Wu,36,151230
Amelia Duran,37,232911
Gabriel Winters,22,58807
Ernie Dalton,30,133105
Leroy Gaines,22,98736
Chase Hobbs,22,66965
Mari Boone,22,51646
Elba Branch,24,50731
Evelyn Barrera,23,58789
Wilber Haney,23,58666
Jon Jordan,23,57525
Mack Chase,24,61099
Giuseppe Dougherty,22,48392
Arturo Saunders,22,62861
Sebastian Briggs,23,60776
Tanner Norman,23,55538
Cristopher Hall,23,57750
Domenic Ross,23,72649
Erwin Carson,23,52801
Mark Walters,23,57433
Juliet Morrison,23,49443
Lonnie Wheeler,24,46693
Thaddeus Reed,23,53660
Edmond Bowman,22,58389
Jerald Hardin,22,60441
Margo Dixon,22,57558
Stanford Bean,22,56672
Freddie Curry,27,88797
Doris Clarke,23,51646
Wilburn Barton,22,51913
Dewey Stephens,21,57813
Jodi Dean,23,53517
Cherry Gentry,23,58352
Kirk Orr,28,65668
Errol Villa,22,65910
Melba Novak,22,67362
Logan Yu,22,56340
Art Trujillo,22,56688
Debra Calhoun,22,58851
Traci Middleton,24,54138
Tobias Hurley,21,54940
Bryant Bolton,23,57343
Willis Beasley,23,57236
Donn Gibbs,22,51063
Irma Barry,23,66069
Malcom Reynolds,22,54652
Johanna Bray,36,275262
Simon Parker,22,57896
Clyde Strong,26,62049
Asa Mcdowell,25,63986
Colby Hines,25,101954
Trina Solis,30,57883
Eliza Valenzuela,22,58372
Milan Powers,34,116978
Elisha Fuller,22,57160
Liza Poole,22,82614
Bettye Carlson,39,272
Marcus Schmitt,33,2511
Royal Henry,29,736
Lynda Benitez,27,146080
Trevor Tanner,36,24325
Javier Cordova,34,267063
Dylan Velasquez,27,79911
Brady Calhoun,36,587612
Ethan Obrien,31,40690
Brian Trevino,26,107543
Rickey Oliver,33,26845
Darius Wilkerson,29,88734
Erick Ballard,27,133024
Lawerence Downs,29,71246
Abdul Watkins,47,220778
Chase Fernandez,27,114441
